{"HR": [0.4836092715231788, 0.6710264900662252, 0.6937086092715232, 0.6981788079470199, 0.7003311258278145, 0.7018211920529801, 0.7001655629139073, 0.6990066225165563, 0.7006622516556291, 0.7003311258278145], "NDCG": [0.27199412691882446, 0.40258554112330985, 0.41892969050651263, 0.42193031691282235, 0.42394742522652484, 0.4251228793953162, 0.4246068094782284, 0.42519564010226424, 0.42572773544879633, 0.42567304340903933], "rank": 32, "Time": [20.76784610748291, 20.377623081207275, 21.712267875671387, 20.902999877929688, 21.891538858413696, 21.68369722366333, 20.79158592224121, 20.83626389503479, 21.62881588935852, 22.05025291442871]}