{"HR": [0.5127483443708609, 0.6882450331125828, 0.7185430463576159, 0.7283112582781457, 0.7309602649006622, 0.7312913907284768, 0.7311258278145696, 0.7311258278145696, 0.7312913907284768, 0.7304635761589404, 0.7301324503311258, 0.7298013245033113], "NDCG": [0.29874824247164905, 0.4158238465900792, 0.440626385201953, 0.4467813091936497, 0.4487118551855664, 0.4496240422689427, 0.450512198926382, 0.4506372988518147, 0.4511953374354053, 0.4506701540118962, 0.4502683903398337, 0.4504059283438983], "rank": 96, "Time": [59.232155084609985, 58.4446439743042, 58.38125014305115, 60.994338035583496, 59.2292320728302, 59.48778009414673, 60.613889932632446, 60.55438280105591, 61.71814298629761, 59.58732795715332, 61.427947998046875, 59.62733602523804]}