{"HR": [0.47913907284768215, 0.678476821192053, 0.7064569536423841, 0.7117549668874172, 0.7135761589403974, 0.7149006622516556, 0.7158940397350994, 0.7170529801324503, 0.7177152317880795, 0.7175496688741722], "NDCG": [0.27175297399509996, 0.40993548298484733, 0.43190558415104846, 0.4354785671567895, 0.43678714787571016, 0.4378516606619932, 0.43834032094559366, 0.4386510838138518, 0.4387298298763394, 0.4387219334291716], "rank": 48, "Time": [30.069443941116333, 28.093324899673462, 29.013978958129883, 29.959336042404175, 28.772814989089966, 27.691200017929077, 27.997843980789185, 28.77941608428955, 29.032943964004517, 28.759843826293945]}