{"HR": [0.5150662251655629, 0.6930463576158941, 0.7201986754966887, 0.725, 0.7281456953642385, 0.7274834437086093, 0.7289735099337749, 0.729635761589404, 0.7304635761589404, 0.730794701986755, 0.7304635761589404, 0.7317880794701986], "NDCG": [0.29800299730203195, 0.4179342893125981, 0.44233969147816626, 0.44667287521785515, 0.4489252989657922, 0.4489780782773487, 0.4500441117183188, 0.45061187122889806, 0.4515111135009291, 0.4523769024323431, 0.45256092408006277, 0.4531153926000506], "rank": 128, "Time": [91.39764094352722, 91.82870101928711, 93.11877799034119, 88.28334403038025, 83.24148416519165, 78.20915579795837, 87.5621509552002, 80.22704005241394, 77.19982695579529, 77.19414401054382, 77.12774586677551, 77.00469493865967]}