{"HR": [0.5048013245033113, 0.6885761589403974, 0.7119205298013245, 0.7155629139072848, 0.7193708609271523, 0.7231788079470198, 0.7218543046357616, 0.7228476821192052, 0.7240066225165563, 0.7228476821192052, 0.7213576158940397, 0.7216887417218543], "NDCG": [0.29061075041901047, 0.4122594801566226, 0.4360654279333997, 0.4394847358873206, 0.44133720743864535, 0.4434282172549875, 0.4433713855565738, 0.44445321653764475, 0.44445553664580756, 0.4444460137834701, 0.4443061748717971, 0.44442614047489537], "rank": 64, "Time": [35.68460488319397, 35.57466220855713, 36.051778078079224, 35.65562105178833, 35.01718783378601, 36.25150394439697, 38.45739197731018, 37.04866600036621, 36.04751491546631, 37.48184418678284, 36.32917308807373, 36.14014792442322]}