{"HR": [0.5241721854304636, 0.6963576158940398, 0.722682119205298, 0.7302980132450331, 0.7298013245033113, 0.7309602649006622, 0.7317880794701986, 0.729635761589404, 0.7306291390728477, 0.7311258278145696, 0.7311258278145696, 0.730794701986755], "NDCG": [0.30895608830619387, 0.42213926303125915, 0.4445163059591511, 0.45066042234647824, 0.4523394929842909, 0.453742544768359, 0.45443879072814897, 0.45362920408400104, 0.4538523225121801, 0.4540221136799355, 0.45433690154942813, 0.45436966090879133], "rank": 384, "Time": [586.1542179584503, 542.4427170753479, 573.3420288562775, 565.409775018692, 556.5142340660095, 519.8426480293274, 556.1945009231567, 556.1614499092102, 571.1190409660339, 559.7791328430176, 587.746661901474, 573.2028741836548]}