{"HR": [0.5336092715231788, 0.6971854304635762, 0.7236754966887418, 0.7273178807947019, 0.7304635761589404, 0.7306291390728477, 0.7306291390728477, 0.729635761589404, 0.7293046357615894, 0.7301324503311258, 0.7299668874172185, 0.7304635761589404], "NDCG": [0.31208550664215146, 0.4208753352513292, 0.444043515635078, 0.4499660047342162, 0.4516171554758871, 0.45285797867810224, 0.4529508537003695, 0.45287268451207136, 0.45267307943318563, 0.4526822768191143, 0.45295620741455883, 0.45281411936844745], "rank": 256, "Time": [232.5735960006714, 220.12906193733215, 220.5164659023285, 245.2649700641632, 315.3160080909729, 306.20741295814514, 295.3773970603943, 304.5882930755615, 320.60557794570923, 314.00526094436646, 315.46843218803406, 318.0909810066223]}