{"HR": [0.5283112582781457, 0.6937086092715232, 0.7211920529801324, 0.7258278145695364, 0.7317880794701986, 0.7294701986754967, 0.7276490066225165, 0.7266556291390729, 0.7283112582781457, 0.7284768211920529, 0.7288079470198675, 0.7279801324503311], "NDCG": [0.3120490881101752, 0.41853982195384193, 0.44344552031070095, 0.447961918660124, 0.45153959627581, 0.4516025749700452, 0.451996699392091, 0.4515032686911976, 0.45240076673920426, 0.4522984542644595, 0.4524758935424429, 0.4524369203235567], "rank": 192, "Time": [140.9516248703003, 141.9631519317627, 141.8636040687561, 142.8362898826599, 141.9501838684082, 142.70869708061218, 145.30732202529907, 146.46966195106506, 146.6918489933014, 178.0499291419983, 147.24404788017273, 150.5691840648651]}